﻿--
-- Script was generated by Devart dbForge Studio for MySQL, Version 8.0.40.0
-- Product home page: http://www.devart.com/dbforge/mysql/studio
-- Script date 26/05/2020 18:03:31
-- Server version: 5.5.5-10.1.38-MariaDB
-- Client version: 4.1
--

-- 
-- Disable foreign keys
-- 
/*!40014 SET @OLD_FOREIGN_KEY_CHECKS=@@FOREIGN_KEY_CHECKS, FOREIGN_KEY_CHECKS=0 */;

-- 
-- Set SQL mode
-- 
/*!40101 SET @OLD_SQL_MODE=@@SQL_MODE, SQL_MODE='NO_AUTO_VALUE_ON_ZERO' */;

-- 
-- Set character set the client will use to send SQL statements to the server
--
SET NAMES 'utf8';

--
-- Set default database
--
USE medialibrary;

--
-- Drop table `guardan`
--
DROP TABLE IF EXISTS guardan;

--
-- Drop table `hacen`
--
DROP TABLE IF EXISTS hacen;

--
-- Drop table `usuarios`
--
DROP TABLE IF EXISTS usuarios;

--
-- Drop table `reviews`
--
DROP TABLE IF EXISTS reviews;

--
-- Drop table `albumes`
--
DROP TABLE IF EXISTS albumes;

--
-- Drop table `creacomic`
--
DROP TABLE IF EXISTS creacomic;

--
-- Drop table `creadororiginal`
--
DROP TABLE IF EXISTS creadororiginal;

--
-- Drop table `comics`
--
DROP TABLE IF EXISTS comics;

--
-- Drop table `escribe`
--
DROP TABLE IF EXISTS escribe;

--
-- Drop table `autor`
--
DROP TABLE IF EXISTS autor;

--
-- Drop table `libros`
--
DROP TABLE IF EXISTS libros;

--
-- Drop table `dirige`
--
DROP TABLE IF EXISTS dirige;

--
-- Drop table `directorpeliculas`
--
DROP TABLE IF EXISTS directorpeliculas;

--
-- Drop table `es`
--
DROP TABLE IF EXISTS es;

--
-- Drop table `genero`
--
DROP TABLE IF EXISTS genero;

--
-- Drop table `peliculas`
--
DROP TABLE IF EXISTS peliculas;

--
-- Drop table `esmiembro`
--
DROP TABLE IF EXISTS esmiembro;

--
-- Drop table `miembro`
--
DROP TABLE IF EXISTS miembro;

--
-- Drop table `podcasts`
--
DROP TABLE IF EXISTS podcasts;

--
-- Drop table `dirigeseries`
--
DROP TABLE IF EXISTS dirigeseries;

--
-- Drop table `directorseries`
--
DROP TABLE IF EXISTS directorseries;

--
-- Drop table `series`
--
DROP TABLE IF EXISTS series;

--
-- Drop table `media`
--
DROP TABLE IF EXISTS media;

--
-- Set default database
--
USE medialibrary;

--
-- Create table `media`
--
CREATE TABLE media (
  idmedia varchar(20) NOT NULL,
  media_usuario decimal(10, 0) DEFAULT NULL,
  puntuacion decimal(10, 0) DEFAULT NULL,
  nombre varchar(20) DEFAULT NULL,
  fecha_lanzamiento date DEFAULT NULL,
  puntuacion_criticos decimal(10, 0) DEFAULT NULL,
  PRIMARY KEY (idmedia)
)
ENGINE = INNODB,
AVG_ROW_LENGTH = 819,
CHARACTER SET utf8,
COLLATE utf8_general_ci;

--
-- Create table `series`
--
CREATE TABLE series (
  idserie varchar(20) NOT NULL,
  canal varchar(20) DEFAULT NULL,
  temporadas int(11) DEFAULT NULL,
  episodios int(11) DEFAULT NULL,
  nombre varchar(255) NOT NULL,
  PRIMARY KEY (idserie)
)
ENGINE = INNODB,
AVG_ROW_LENGTH = 4096,
CHARACTER SET utf8,
COLLATE utf8_general_ci;

--
-- Create foreign key
--
ALTER TABLE series
ADD CONSTRAINT FK_series_idserie FOREIGN KEY (idserie)
REFERENCES media (idmedia) ON DELETE CASCADE ON UPDATE CASCADE;

--
-- Create table `directorseries`
--
CREATE TABLE directorseries (
  iddirectorserie varchar(20) NOT NULL,
  director varchar(20) DEFAULT NULL,
  PRIMARY KEY (iddirectorserie)
)
ENGINE = INNODB,
AVG_ROW_LENGTH = 4096,
CHARACTER SET utf8,
COLLATE utf8_general_ci;

--
-- Create foreign key
--
ALTER TABLE directorseries
ADD CONSTRAINT FK_directorseries_iddirectorse FOREIGN KEY (iddirectorserie)
REFERENCES series (idserie) ON DELETE CASCADE ON UPDATE CASCADE;

--
-- Create table `dirigeseries`
--
CREATE TABLE dirigeseries (
  idserie varchar(255) NOT NULL,
  iddirector varchar(255) NOT NULL,
  PRIMARY KEY (idserie, iddirector)
)
ENGINE = INNODB,
AVG_ROW_LENGTH = 4096,
CHARACTER SET utf8,
COLLATE utf8_general_ci;

--
-- Create foreign key
--
ALTER TABLE dirigeseries
ADD CONSTRAINT FK_iddirectorserie FOREIGN KEY (iddirector)
REFERENCES directorseries (iddirectorserie) ON DELETE NO ACTION;

--
-- Create foreign key
--
ALTER TABLE dirigeseries
ADD CONSTRAINT FK_idserie FOREIGN KEY (idserie)
REFERENCES series (idserie) ON DELETE NO ACTION;

--
-- Create table `podcasts`
--
CREATE TABLE podcasts (
  idpodcast varchar(20) NOT NULL,
  nombre varchar(20) DEFAULT NULL,
  num_episodios int(11) DEFAULT NULL,
  PRIMARY KEY (idpodcast)
)
ENGINE = INNODB,
AVG_ROW_LENGTH = 8192,
CHARACTER SET utf8,
COLLATE utf8_general_ci;

--
-- Create foreign key
--
ALTER TABLE podcasts
ADD CONSTRAINT FK_podcasts_idpodcast FOREIGN KEY (idpodcast)
REFERENCES media (idmedia) ON DELETE CASCADE ON UPDATE CASCADE;

--
-- Create table `miembro`
--
CREATE TABLE miembro (
  idmiembro varchar(20) NOT NULL,
  miembro varchar(20) DEFAULT NULL,
  PRIMARY KEY (idmiembro)
)
ENGINE = INNODB,
AVG_ROW_LENGTH = 16384,
CHARACTER SET utf8,
COLLATE utf8_general_ci;

--
-- Create foreign key
--
ALTER TABLE miembro
ADD CONSTRAINT FK_miembro_idmiembro FOREIGN KEY (idmiembro)
REFERENCES podcasts (idpodcast) ON DELETE CASCADE ON UPDATE CASCADE;

--
-- Create table `esmiembro`
--
CREATE TABLE esmiembro (
  idmiembro varchar(255) NOT NULL,
  idpodcast varchar(255) NOT NULL,
  PRIMARY KEY (idmiembro, idpodcast)
)
ENGINE = INNODB,
AVG_ROW_LENGTH = 16384,
CHARACTER SET utf8,
COLLATE utf8_general_ci;

--
-- Create foreign key
--
ALTER TABLE esmiembro
ADD CONSTRAINT FK_idmiembro FOREIGN KEY (idmiembro)
REFERENCES miembro (idmiembro) ON DELETE NO ACTION;

--
-- Create foreign key
--
ALTER TABLE esmiembro
ADD CONSTRAINT FK_idpodcast FOREIGN KEY (idpodcast)
REFERENCES podcasts (idpodcast) ON DELETE NO ACTION;

--
-- Create table `peliculas`
--
CREATE TABLE peliculas (
  idpelicula varchar(20) NOT NULL,
  productora varchar(20) DEFAULT NULL,
  nombre varchar(255) NOT NULL,
  PRIMARY KEY (idpelicula)
)
ENGINE = INNODB,
AVG_ROW_LENGTH = 1489,
CHARACTER SET utf8,
COLLATE utf8_general_ci;

--
-- Create foreign key
--
ALTER TABLE peliculas
ADD CONSTRAINT FK_peliculas_idpelicula FOREIGN KEY (idpelicula)
REFERENCES media (idmedia) ON DELETE CASCADE ON UPDATE CASCADE;

--
-- Create table `genero`
--
CREATE TABLE genero (
  idgenero varchar(20) NOT NULL,
  peliculas_codigo varchar(20) DEFAULT NULL,
  genero varchar(20) DEFAULT NULL,
  PRIMARY KEY (idgenero)
)
ENGINE = INNODB,
AVG_ROW_LENGTH = 2340,
CHARACTER SET utf8,
COLLATE utf8_general_ci;

--
-- Create foreign key
--
ALTER TABLE genero
ADD CONSTRAINT FK_genero_idgenero FOREIGN KEY (idgenero)
REFERENCES peliculas (idpelicula) ON DELETE CASCADE ON UPDATE CASCADE;

--
-- Create table `es`
--
CREATE TABLE es (
  idgenero varchar(255) NOT NULL,
  idpelicula varchar(255) NOT NULL,
  PRIMARY KEY (idgenero, idpelicula)
)
ENGINE = INNODB,
AVG_ROW_LENGTH = 2340,
CHARACTER SET utf8,
COLLATE utf8_general_ci;

--
-- Create foreign key
--
ALTER TABLE es
ADD CONSTRAINT FK_idgenero FOREIGN KEY (idgenero)
REFERENCES genero (idgenero) ON DELETE NO ACTION;

--
-- Create foreign key
--
ALTER TABLE es
ADD CONSTRAINT FK_idpelicula FOREIGN KEY (idpelicula)
REFERENCES peliculas (idpelicula) ON DELETE NO ACTION;

--
-- Create table `directorpeliculas`
--
CREATE TABLE directorpeliculas (
  iddirector varchar(20) NOT NULL,
  director varchar(20) DEFAULT NULL,
  PRIMARY KEY (iddirector)
)
ENGINE = INNODB,
AVG_ROW_LENGTH = 2730,
CHARACTER SET utf8,
COLLATE utf8_general_ci;

--
-- Create foreign key
--
ALTER TABLE directorpeliculas
ADD CONSTRAINT FK_directorpeliculas_iddirecto FOREIGN KEY (iddirector)
REFERENCES peliculas (idpelicula) ON DELETE CASCADE ON UPDATE CASCADE;

--
-- Create table `dirige`
--
CREATE TABLE dirige (
  iddirector varchar(255) NOT NULL,
  idpelicula varchar(255) NOT NULL,
  PRIMARY KEY (iddirector, idpelicula)
)
ENGINE = INNODB,
AVG_ROW_LENGTH = 2340,
CHARACTER SET utf8,
COLLATE utf8_general_ci;

--
-- Create foreign key
--
ALTER TABLE dirige
ADD CONSTRAINT FK_iddirector FOREIGN KEY (iddirector)
REFERENCES directorpeliculas (iddirector) ON DELETE NO ACTION;

--
-- Create foreign key
--
ALTER TABLE dirige
ADD CONSTRAINT FK_idpeliculadirige FOREIGN KEY (idpelicula)
REFERENCES peliculas (idpelicula) ON DELETE NO ACTION;

--
-- Create table `libros`
--
CREATE TABLE libros (
  idlibro varchar(20) NOT NULL,
  editorial varchar(20) DEFAULT NULL,
  num_ediciones int(11) DEFAULT NULL,
  nombre varchar(255) NOT NULL,
  PRIMARY KEY (idlibro)
)
ENGINE = INNODB,
AVG_ROW_LENGTH = 1489,
CHARACTER SET utf8,
COLLATE utf8_general_ci;

--
-- Create foreign key
--
ALTER TABLE libros
ADD CONSTRAINT FK_IdMedia FOREIGN KEY (idlibro)
REFERENCES media (idmedia) ON DELETE CASCADE ON UPDATE CASCADE;

--
-- Create table `autor`
--
CREATE TABLE autor (
  idautor varchar(20) NOT NULL,
  autor varchar(20) DEFAULT NULL,
  PRIMARY KEY (idautor)
)
ENGINE = INNODB,
AVG_ROW_LENGTH = 1489,
CHARACTER SET utf8,
COLLATE utf8_general_ci;

--
-- Create foreign key
--
ALTER TABLE autor
ADD CONSTRAINT FK_autor_idautor FOREIGN KEY (idautor)
REFERENCES libros (idlibro) ON DELETE CASCADE ON UPDATE CASCADE;

--
-- Create table `escribe`
--
CREATE TABLE escribe (
  idautor varchar(255) NOT NULL,
  idlibro varchar(255) NOT NULL,
  PRIMARY KEY (idautor, idlibro)
)
ENGINE = INNODB,
AVG_ROW_LENGTH = 8192,
CHARACTER SET utf8,
COLLATE utf8_general_ci;

--
-- Create foreign key
--
ALTER TABLE escribe
ADD CONSTRAINT FK_idautor FOREIGN KEY (idautor)
REFERENCES autor (idautor) ON DELETE NO ACTION;

--
-- Create foreign key
--
ALTER TABLE escribe
ADD CONSTRAINT FK_idlibro FOREIGN KEY (idlibro)
REFERENCES libros (idlibro) ON DELETE NO ACTION;

--
-- Create table `comics`
--
CREATE TABLE comics (
  idcomic varchar(20) NOT NULL,
  num_entregas int(11) DEFAULT NULL,
  num_reboots int(11) DEFAULT NULL,
  nombre varchar(255) NOT NULL,
  PRIMARY KEY (idcomic)
)
ENGINE = INNODB,
AVG_ROW_LENGTH = 4096,
CHARACTER SET utf8,
COLLATE utf8_general_ci;

--
-- Create foreign key
--
ALTER TABLE comics
ADD CONSTRAINT FK_comics_idcomic FOREIGN KEY (idcomic)
REFERENCES media (idmedia) ON DELETE CASCADE ON UPDATE CASCADE;

--
-- Create table `creadororiginal`
--
CREATE TABLE creadororiginal (
  idcreador varchar(20) NOT NULL,
  creador_original varchar(20) DEFAULT NULL,
  PRIMARY KEY (idcreador)
)
ENGINE = INNODB,
AVG_ROW_LENGTH = 4096,
CHARACTER SET utf8,
COLLATE utf8_general_ci;

--
-- Create foreign key
--
ALTER TABLE creadororiginal
ADD CONSTRAINT FK_creadororiginal_idcreador FOREIGN KEY (idcreador)
REFERENCES comics (idcomic) ON DELETE CASCADE ON UPDATE CASCADE;

--
-- Create table `creacomic`
--
CREATE TABLE creacomic (
  idcreador varchar(255) NOT NULL,
  idcomic varchar(255) NOT NULL,
  PRIMARY KEY (idcomic, idcreador)
)
ENGINE = INNODB,
AVG_ROW_LENGTH = 4096,
CHARACTER SET utf8,
COLLATE utf8_general_ci;

--
-- Create foreign key
--
ALTER TABLE creacomic
ADD CONSTRAINT FK_idcomic FOREIGN KEY (idcomic)
REFERENCES comics (idcomic) ON DELETE NO ACTION;

--
-- Create foreign key
--
ALTER TABLE creacomic
ADD CONSTRAINT FK_idcreador FOREIGN KEY (idcreador)
REFERENCES creadororiginal (idcreador) ON DELETE NO ACTION;

--
-- Create table `albumes`
--
CREATE TABLE albumes (
  idalbum varchar(20) NOT NULL,
  grupo varchar(20) DEFAULT NULL,
  discografica varchar(20) DEFAULT NULL,
  nombre varchar(255) NOT NULL,
  PRIMARY KEY (idalbum)
)
ENGINE = INNODB,
AVG_ROW_LENGTH = 16384,
CHARACTER SET utf8,
COLLATE utf8_general_ci;

--
-- Create foreign key
--
ALTER TABLE albumes
ADD CONSTRAINT FK_albumes_idalbum FOREIGN KEY (idalbum)
REFERENCES media (idmedia) ON DELETE CASCADE ON UPDATE CASCADE;

--
-- Create table `reviews`
--
CREATE TABLE reviews (
  idreview int(20) NOT NULL AUTO_INCREMENT,
  contenido text DEFAULT NULL,
  puntuacion decimal(10, 0) DEFAULT NULL,
  PRIMARY KEY (idreview)
)
ENGINE = INNODB,
AUTO_INCREMENT = 94573,
AVG_ROW_LENGTH = 819,
CHARACTER SET utf8,
COLLATE utf8_general_ci;

--
-- Create table `usuarios`
--
CREATE TABLE usuarios (
  idusuario varchar(20) NOT NULL,
  PRIMARY KEY (idusuario)
)
ENGINE = INNODB,
AVG_ROW_LENGTH = 819,
CHARACTER SET utf8,
COLLATE utf8_general_ci;

--
-- Create table `hacen`
--
CREATE TABLE hacen (
  idusuario varchar(20) NOT NULL,
  idreview int(20) NOT NULL,
  PRIMARY KEY (idusuario, idreview)
)
ENGINE = INNODB,
AVG_ROW_LENGTH = 819,
CHARACTER SET utf8,
COLLATE utf8_general_ci;

--
-- Create foreign key
--
ALTER TABLE hacen
ADD CONSTRAINT fk_idhacen FOREIGN KEY (idusuario)
REFERENCES usuarios (idusuario);

--
-- Create foreign key
--
ALTER TABLE hacen
ADD CONSTRAINT fk_reviews FOREIGN KEY (idreview)
REFERENCES reviews (idreview) ON DELETE CASCADE ON UPDATE CASCADE;

--
-- Create table `guardan`
--
CREATE TABLE guardan (
  idusuario varchar(20) NOT NULL,
  idmedia varchar(20) NOT NULL,
  PRIMARY KEY (idusuario, idmedia)
)
ENGINE = INNODB,
AVG_ROW_LENGTH = 819,
CHARACTER SET utf8,
COLLATE utf8_general_ci;

--
-- Create foreign key
--
ALTER TABLE guardan
ADD CONSTRAINT fk_idguardan FOREIGN KEY (idusuario)
REFERENCES usuarios (idusuario);

--
-- Create foreign key
--
ALTER TABLE guardan
ADD CONSTRAINT fk_media FOREIGN KEY (idmedia)
REFERENCES media (idmedia) ON DELETE CASCADE ON UPDATE CASCADE;

-- 
-- Dumping data for table media
--
INSERT INTO media VALUES
('02374', 8, NULL, 'Berserk', '1989-08-25', 90),
('04640', 9, NULL, 'Olvidate de mi', '2004-03-19', 89),
('07278', 7, NULL, 'Blue valentine', '2010-12-29', 81),
('15830', 9, NULL, 'Saga', '2012-03-01', 88),
('19344', 7, NULL, 'The nightingale', '2019-08-02', 77),
('23896', 6, NULL, 'Mer de noms', '2000-05-23', 70),
('24833', 9, NULL, 'Breaking Bad', '2008-01-20', 87),
('37473', 10, NULL, 'A dos metros bajo ti', '2001-06-03', 74),
('38521', 7, NULL, 'Sleepycast', '2014-09-24', 20),
('39392', 8, NULL, 'El pasado muerto', '1956-01-10', 90),
('41642', 8, NULL, 'El nombre del viento', '2007-03-27', 80),
('41670', 8, NULL, 'Chainsawman', '2018-12-03', 70),
('47295', 7, NULL, 'Hereditary', '2018-06-08', 87),
('53491', 6, NULL, 'Tales from the loop', '2020-04-03', 66),
('74809', 8, NULL, 'Tres anuncios en las', '2017-11-10', 88),
('79209', 7, NULL, 'Aegis', '1992-04-02', 80),
('94771', 9, NULL, 'Sandman', '2020-01-09', 90),
('95268', 5, 3, 'Star wars el ascenso', '2019-12-20', 53),
('95533', 9, NULL, 'Arma fatal', '2007-04-20', 81),
('98970', 9, NULL, 'Atlanta', '2016-09-06', 93);

-- 
-- Dumping data for table peliculas
--
INSERT INTO peliculas VALUES
('02374', 'Tablictopor', ''),
('04640', NULL, 'Olvidate de mi'),
('07278', 'Tabnilet', 'Blue valentine'),
('15830', 'Recordlet', ''),
('19344', 'Compickor', 'The nightingale'),
('23896', 'Subplotticphone', ''),
('24833', 'Translictridge', ''),
('47295', 'Transtaentor', 'Hereditary'),
('74809', NULL, 'Tres anuncios en las afueras'),
('95268', 'Commutphone', 'Star wars el ascenso de Skywalker'),
('95533', 'Suppickpllet', 'Arma fatal\r\n');

-- 
-- Dumping data for table comics
--
INSERT INTO comics VALUES
('02374', 40, 0, 'Berserk'),
('04640', 9, 0, 'Saga'),
('07278', 6, 0, 'Chainsawman'),
('15830', 10, 0, 'Sandman');

-- 
-- Dumping data for table reviews
--
INSERT INTO reviews VALUES
(1231, 'Muy bonito', 7),
(5912, 'On May 1, 1941, RKO Radio Pictures held the premiere of Citizen Kane at the Palace Theatre in New York, garnering raves from local critics. Ahead of its release, The Hollywood Reporter appraised producer-director Orson Welles'' picture in a review originally headlined "''Kane Astonishing Picture."\r\n\r\nCitizen Kane is a great motion picture. Great in that it was produced by a man who had never had any motion picture experience; great because he cast it with people who had never faced a camera in a motion picture production before; great in the manner of its story-telling, in both the writing of that story and its unfolding before a camera; great in that its photographic accomplishments are the highlights of motion picture photography to date, and finally great, because technically, it is a few steps ahead of anything that has been made in pictures before. \r\n\r\nFrom the point of entertainment, this reviewer chooses again to qualify it as great. An audience might not think so because they might not understand its technical perfections, or will be astonished, as we were, at the acting of a cast that had never been in a studio before. Nor will they credit the fact that this entertainment was really brought to the screen on a low budget — under $800,000 — and, in order to accomplish that, things had to be done that no brain or set of brains had ever before accomplished.\r\n\r\nThese items interested us, made the entertainment much greater, and how much an audience''s ignorance of these facts will discount the actual entertainment, we can''t tell. But we''ll venture the opinion that no ticket buyer, if he ever has the opportunity of buying a ticket to see Citizen Kane, will leave the theatre mad at his buy, because he will be entertained, although probably not as much as those knowing the inside of this whole production. \r\n\r\nWhether the story was inspired by the life of William Randolph Hearst is of little interest to this reviewer; that''s for others to determine and act as they see fit. However, we might express our opinion that we will be surprised if the picture ever hits a theatre where admission is charged, and if that is finally the case, audiences will lose the opportunity of seeing a fine motion picture produced in a most adult fashion and one that should lift Orson Welles right up to the top of producers and actors. \r\n\r\nViolates Tradition\r\n\r\nWelles has made his Hollywood debut in such an astonishingly unconventional production that it is difficult to criticize Citizen Kane along the customary lines. Time after time, as the life of Charles Foster Kane is unfolded, Welles violates cinema tradition in acting, writing and photography, and gets away with it all magnificently. \r\n\r\nHe wastes no time in introducing his different technique. The film begins with a mythical two-reel "News on the March," obviously based on the March of Time, since the commentator''s phraseology is unmistakable "Time" talk. It is a short on the life of the great publisher, Charles Foster Kane, who has just died, and it touches on the highlights of his career from the day he acquires The New York Inquirer until his death. \r\n\r\nAs Kane succumbs, he is heard to utter one word, "Rosebud," and it is this one word which holds together the succeeding episodes of the film. As the short ends, it becomes apparent that this was a screening of the subject for its producers. They are dissatisfied with it, because the short has not brought out the hidden motivations which make Kane such a fabulous character, nor has it explained the meaning of the cryptic reference to "Rosebud." \r\n\r\nHearst Mentioned Once\r\n\r\nIt is in this scene at the end of the "News on the March" sequence that the name of Hearst is mentioned the only time in Citizen Kane. One of the actors is overheard saying "It could have been any publisher, could have been Pulitzer, could have been Hearst." Another responds: "Yes, and it could have been John Doe." \r\n\r\nA reporter from "News on the March" then begins the monumental task of checking Kane''s life, beginning with his infancy in the West when he inherits a fortune, the arrival of the estate''s lawyers to take young Kane to school finds him sledding in the snow and fighting against leaving this pastime to accompany the attorneys. To obtain his information, the reporter interviews the five persons who knew Kane best: his lawyer, his right hand man in the Kane publications, his former dramatic critic, and his second wife, whom he meets as a penniless flighty girl and attempts to make the public accept as a great singer, and the butler who manages his far-flung estate on the Gulf of Mexico. \r\n\r\nWife Supplies Drama\r\n\r\nThe drama critic, the lawyer, the butler and his publishing aide all contribute their bits to the Kane saga, but the dramatic high spots come mostly from the memory of the press tycoon''s second wife, by this time a drunken derelict, still trying to be a singer in an Atlantic City dive. When she meets Kane, he is already married to the niece of a mythical U.S. president, and so bored that he rarely comes home. Their meeting is just a "pick-up" on a rainy street, but it progresses so fast that, in no time, the illicit amour becomes public knowledge through exposure by a politician he is fighting, and Kane loses a sure election as governor of New York. \r\n\r\nHis first wife divorces him, he marries the singer, and then inaugurates a campaign in all his papers to establish her as a star. She is a desperately incompetent performer, and his efforts to put her over make him a laughing stock and cost him his best friend, the dramatic critic. \r\n\r\nFinally, shorn of most of his journalistic power by the 1929 crash, an embittered old man, he retires to his incredible Gulf Coast place. There the second wife does jigsaw puzzles in the vast living room and grows to hate him. She leaves him, and Kane''s death follows very soon afterwards. He is broken, friendless and all he has left behind him are the palace and its grounds — which include a private zoo — his untold art treasures, and a string of papers actually controlled by banks. Not until the final scene is the mystery of "Rosebud" explained, and, though it is done with utter simplicity, it provides a chill and lump in anyone''s throat. \r\n\r\n"Rosebud" Explained\r\n\r\nThe camera pans over the limitless expanse of paintings, sculpture, and all his other useless possessions. Appraisers are sorting it out, and the worthless items are burned. Into the flames go all manner of knickknacks, and at last the wreckers begin burning odds and ends from his mother''s home out west, which Kane had collected after she died. Suddenly the flames are seen licking over a little boy''s sled. The camera picks it out from the rest of the fire, and on it is written the one word "Rosebud." \r\n\r\nWelles'' performance is nothing less than astonishing. He begins as a youth of 21, goes through middle age to his death, and makes every moment believable in voice, walk and gesture. Even in his love scenes is Welles effective. \r\n\r\nThe support he gets from the cast, every one of whom is a completely new face to picture audiences, is downright amazing. There isn''t a weak member of the troupe, and though space doesn''t permit praise for all of them, a few must be selected for special mention. Dorothy Comingore, as the singer, is put through a range of emotions that would try any actress one could name, but she delivers without a second''s let-down. Citizen Kane should make this girl a star. Joseph Cotten, who played in Philadelphia Story, is splendid as the drama critic, as are Everett Sloane in the role of Bernstein, Kane''s faithful aide, and Ruth Warrick, as his first wife. \r\n\r\nGregg Toland''s camera has never performed such miracles. He has caught the players from daringly unusual angles. He produced effects so novel in some scenes that they cannot be described here. The musical score by Bernard Herrmann is also worthy of commendation. — unbylined review, originally published March 12, 1941. ', 3),
(9791, 'Me dio cáncer.', 10),
(10591, 'A mis niños les gusto.', 10),
(14963, 'Buena para la siesta', 8),
(30725, 'Digna de las pelis de antena 3 de los domingos', 2),
(34992, '17594', -6403776439),
(36290, '32206', 3),
(37366, '61902', NULL),
(42257, '53108', -3688768434),
(45947, '49018', -75),
(46420, '32595', 7391),
(62060, '13187', 9433163425),
(62573, '48286', -8819685295),
(76074, '63809', 6276743316),
(79832, '31034', 11),
(80294, '97848', -453224898),
(84441, '47032', 9),
(84870, '69071', -1784215357),
(94572, '41578', -3425341460);

-- 
-- Dumping data for table usuarios
--
INSERT INTO usuarios VALUES
('05568'),
('15378'),
('18757'),
('19745'),
('20109'),
('25924'),
('37007'),
('41707'),
('49328'),
('53988'),
('62631'),
('64082'),
('65326'),
('67587'),
('68068'),
('69756'),
('90804'),
('92057'),
('95441'),
('97537');

-- 
-- Dumping data for table podcasts
--
INSERT INTO podcasts VALUES
('04640', '', 0),
('38521', 'Sleepycast', 42);

-- 
-- Dumping data for table miembro
--
INSERT INTO miembro VALUES
('04640', 'Stamper');

-- 
-- Dumping data for table libros
--
INSERT INTO libros VALUES
('02374', 'Street & Smith', NULL, ''),
('04640', 'DAW Books', NULL, ''),
('07278', '3B0TA', 13, ''),
('15830', '1', -1021879690, ''),
('19344', '669J13', 7691, ''),
('23896', 'G', -973658950, ''),
('24833', NULL, NULL, ''),
('37473', '8549', -1841533059, ''),
('38521', 'TI', -497388298, ''),
('39392', 'EDG', 2816, ''),
('41642', '63G5SUL6O4', -1296762022, '');

-- 
-- Dumping data for table autor
--
INSERT INTO autor VALUES
('02374', 'Isaac Asimov'),
('04640', 'Patrick Rothfuss'),
('07278', '1'),
('15830', 'XI'),
('19344', NULL),
('23896', '8J6UH'),
('24833', '68'),
('37473', '499C3L1X'),
('38521', '3'),
('39392', 'JK'),
('41642', 'K9W61M');

-- 
-- Dumping data for table genero
--
INSERT INTO genero VALUES
('02374', 'HVQ', 'Drama'),
('04640', 'Q909K', 'Drama'),
('07278', 'H24A9S', 'Drama'),
('15830', 'O', 'Terror'),
('19344', 'L3Z8BWM29QV2Q4WO93R', 'Drama'),
('23896', NULL, 'Bazofia'),
('24833', 'MS8T1', 'Comedia');

-- 
-- Dumping data for table series
--
INSERT INTO series VALUES
('02374', 'AMC', 5, 62, 'Breaking Bad'),
('04640', 'HBO', 5, 63, 'A dos metros bajo tierra'),
('07278', 'Prime Video', 1, 8, 'Tales from the loop'),
('15830', 'FX\r\n', 2, 21, 'Atlanta');

-- 
-- Dumping data for table directorseries
--
INSERT INTO directorseries VALUES
('02374', 'Vince Gilligan\r\n'),
('04640', 'Alan Ball'),
('07278', 'Matt Reeves'),
('15830', 'Donald Glover');

-- 
-- Dumping data for table directorpeliculas
--
INSERT INTO directorpeliculas VALUES
('02374', 'Michel Gondry'),
('04640', 'Dereck Cianfrance'),
('07278', 'Jennifer Kent'),
('15830', 'Ari Aster'),
('19344', 'Martin McDonagh'),
('23896', 'JJ Abrahams'),
('24833', 'Edgar Wright');

-- 
-- Dumping data for table creadororiginal
--
INSERT INTO creadororiginal VALUES
('02374', 'Kentaro Miura'),
('04640', 'Brian K Vaughan'),
('07278', 'Tatsuki Fujimoto'),
('15830', 'Neil Gaiman');

-- 
-- Dumping data for table hacen
--
INSERT INTO hacen VALUES
('05568', 5912),
('15378', 30725),
('18757', 79832),
('19745', 76074),
('20109', 34992),
('25924', 62060),
('37007', 36290),
('41707', 1231),
('49328', 84441),
('53988', 62573),
('62631', 9791),
('64082', 45947),
('65326', 42257),
('67587', 14963),
('68068', 80294),
('69756', 10591),
('90804', 94572),
('92057', 46420),
('95441', 84870),
('97537', 37366);

-- 
-- Dumping data for table guardan
--
INSERT INTO guardan VALUES
('05568', '79209'),
('15378', '95533'),
('18757', '47295'),
('19745', '37473'),
('20109', '02374'),
('25924', '23896'),
('37007', '19344'),
('41707', '38521'),
('49328', '24833'),
('53988', '04640'),
('62631', '53491'),
('64082', '39392'),
('65326', '07278'),
('67587', '98970'),
('68068', '74809'),
('69756', '41670'),
('90804', '15830'),
('92057', '41642'),
('95441', '94771'),
('97537', '95268');

-- 
-- Dumping data for table esmiembro
--
INSERT INTO esmiembro VALUES
('04640', '38521');

-- 
-- Dumping data for table escribe
--
INSERT INTO escribe VALUES
('39392', '39392'),
('41642', '41642');

-- 
-- Dumping data for table es
--
INSERT INTO es VALUES
('02374', '04640'),
('04640', '07278'),
('07278', '19344'),
('15830', '47295'),
('19344', '74809'),
('23896', '95268'),
('24833', '95533');

-- 
-- Dumping data for table dirigeseries
--
INSERT INTO dirigeseries VALUES
('02374', '02374'),
('04640', '04640'),
('07278', '07278'),
('15830', '15830');

-- 
-- Dumping data for table dirige
--
INSERT INTO dirige VALUES
('02374', '04640'),
('04640', '07278'),
('07278', '19344'),
('15830', '47295'),
('19344', '74809'),
('23896', '95268'),
('24833', '95533');

-- 
-- Dumping data for table creacomic
--
INSERT INTO creacomic VALUES
('02374', '02374'),
('04640', '04640'),
('07278', '07278'),
('15830', '15830');

-- 
-- Dumping data for table albumes
--
INSERT INTO albumes VALUES
('79209', 'Theatre of Tragedy', 'Swanlake Records', '');

-- 
-- Restore previous SQL mode
-- 
/*!40101 SET SQL_MODE=@OLD_SQL_MODE */;

-- 
-- Enable foreign keys
-- 
/*!40014 SET FOREIGN_KEY_CHECKS = @OLD_FOREIGN_KEY_CHECKS */;